sentence,answer,rules
"Тонкий (1) перегнувшись (2) через перила (3) смотрел (4) как кружатся (5) осенние листья.","{1, 3, 4}","{'1': 6, '3': 6, '4': 1}"
"Мальчик (1) испуганный (2) громким криком (3) вскочил (4) с места.","{1, 3}","{'1': 6, '3': 6}"
"Солнце (1) медленно поднимавшееся (2) из-за горизонта (3) осветило (4) спящий город.","{1, 3}","{'1': 6, '3': 6}"
"Она (1) не сказав ни слова (2) вышла (3) из комнаты (4) и направилась к выходу.","{1, 2}","{'1': 5, '2': 5}"
"Дом (1) стоявший на окраине (2) деревни (3) был окружён густым садом.","{1, 3}","{'1': 6, '3': 6}"
"Мы (1) уставшие (2) и продрогшие (3) добрались до лагеря.","{1, 3}","{'1': 6, '3': 6}"
"Книга (1) прочитанная мною (2) летом (3) оставила глубокий след.","{1, 2}","{'1': 6, '2': 6}"
"Небо (1) затянутое тучами (2) не предвещало ничего хорошего.","{1, 2}","{'1': 6, '2': 6}"
"Он шёл (1) не оглядываясь (2) по сторонам (3) и насвистывал мелодию.","{1, 2}","{'1': 5, '2': 5}"
"Птицы (1) улетающие на юг (2) собирались в огромные стаи.","{1, 2}","{'1': 6, '2': 6}"
"Девушка (1) сидевшая у окна (2) читала книгу.","{1, 2}","{'1': 6, '2': 6}"
"Ветер (1) налетевший внезапно (2) сорвал с деревьев листья.","{1, 2}","{'1': 6, '2': 6}"
"Мальчик (1) бежавший по дороге (2) споткнулся и упал.","{1, 2}","{'1': 6, '2': 6}"
"Туман (1) окутавший город (2) рассеялся к полудню.","{1, 2}","{'1': 6, '2': 6}"
"Она (1) улыбаясь (2) протянула мне руку.","{1, 2}","{'1': 5, '2': 5}"
"Я (1) признаться (2) не ожидал такого поворота событий.","{1, 2}","{'1': 8, '2': 8}"
"Погода (1) к счастью (2) улучшилась к вечеру.","{1, 2}","{'1': 8, '2': 8}"
"Он (1) по-моему (2) уже уехал из города.","{1, 2}","{'1': 8, '2': 8}"
"Конечно (1) вы правы (2) но выслушайте меня до конца.","{1, 2}","{'1': 8, '2': 8}"
"Однако (1) пора нам (2) друзья мои (3) расставаться.","{1, 2, 3}","{'1': 8, '2': 11, '3': 11}"
"Старик (1) сидевший на скамейке (2) читал газету (3) и (4) изредка покашливал.","{1, 2}","{'1': 6, '2': 6}"
"Дорога (1) размытая дождём (2) вела к заброшенной деревне.","{1, 2}","{'1': 6, '2': 6}"
"Снег (1) выпавший ночью (2) укрыл землю белым покрывалом.","{1, 2}","{'1': 6, '2': 6}"
"Пёс (1) громко лаявший (2) на прохожих (3) вдруг замолчал.","{1, 2}","{'1': 6, '2': 6}"
"Кот (1) свернувшийся клубком (2) спал на подоконнике.","{1, 2}","{'1': 6, '2': 6}"
"Мы (1) вернувшись домой (2) сразу легли спать.","{1, 2}","{'1': 5, '2': 5}"
"Ты (1) наверное (2) не помнишь этого случая.","{1, 2}","{'1': 8, '2': 8}"
"Он (1) безусловно (2) талантливый человек.","{1, 2}","{'1': 8, '2': 8}"
"Дети (1) увлечённые игрой (2) не заметили (3) как стемнело.","{1, 2}","{'1': 6, '2': 6}"
"Сад (1) раскинувшийся за домом (2) утопал в зелени.","{1, 2}","{'1': 6, '2': 6}"
"Учитель (1) войдя в класс (2) поприветствовал учеников.","{1, 2}","{'1': 5, '2': 5}"
"Я (1) честно говоря (2) устал от этой истории.","{1, 2}","{'1': 8, '2': 8}"
"Незнакомец (1) стоявший у двери (2) внимательно смотрел на нас.","{1, 2}","{'1': 6, '2': 6}"
"Море (1) освещённое луной (2) казалось серебряным.","{1, 2}","{'1': 6, '2': 6}"
"Она (1) покраснев (2) опустила глаза.","{1, 2}","{'1': 5, '2': 5}"
"Мне (1) к сожалению (2) не удалось прийти вовремя.","{1, 2}","{'1': 8, '2': 8}"
"Ветер (1) усиливаясь к ночи (2) гнал тучи по небу.","{1, 2}","{'1': 5, '2': 5}"
"Дуб (1) росший у дороги (2) был очень старым.","{1, 2}","{'1': 6, '2': 6}"
"Он (1) работавший здесь много лет (2) знал каждый уголок.","{1, 2}","{'1': 6, '2': 6}"
"По (1) моему мнению (2) это решение ошибочно.","{1, 2}","{'1': 8, '2': 8}"
"Дождь (1) начавшийся утром (2) не прекращался весь день.","{1, 2}","{'1': 6, '2': 6}"
"Мы (1) увидев друг друга (2) остановились как вкопанные.","{1, 2}","{'1': 5, '2': 5}"
"Комната (1) оклеенная обоями (2) выглядела уютно.","{1, 2}","{'1': 6, '2': 6}"
"Он (1) говорят (2) собирается переехать в другой город.","{1, 2}","{'1': 8, '2': 8}"
"Ты (1) вероятно (2) слышал эту новость.","{1, 2}","{'1': 8, '2': 8}"
"Письмо (1) написанное второпях (2) было неразборчивым.","{1, 2}","{'1': 6, '2': 6}"
"Солдаты (1) утомлённые долгим переходом (2) крепко спали.","{1, 2}","{'1': 6, '2': 6}"
"Я (1) во-первых (2) не знал об этом (3) во-вторых (4) был занят.","{1, 2, 3, 4}","{'1': 8, '2': 8, '3': 8, '4': 8}"
"Она (1) между прочим (2) первой заметила перемены.","{1, 2}","{'1': 8, '2': 8}"
"Мальчик (1) прочитав книгу (2) вернул её (3) в библиотеку (4) и пошёл домой.","{1, 2}","{'1': 5, '2': 5}"
"Она (1) взволнованная (2) этой новостью (3) не могла (4) заснуть всю ночь.","{1, 2}","{'1': 6, '2': 6}"
"Дом (1) построенный (2) ещё в прошлом веке (3) требовал (4) капитального ремонта.","{1, 2, 3}","{'1': 6, '2': 6, '3': 6}"
"Тучи (1) собравшиеся (2) на горизонте (3) предвещали (4) скорую грозу.","{1, 2, 3}","{'1': 6, '2': 6, '3': 6}"
"Он (1) не задумываясь (2) согласился (3) на это предложение (4) и (5) тут же пожалел.","{1, 2}","{'1': 5, '2': 5}"
"Кот (1) сидевший (2) на подоконнике (3) внимательно (4) следил за птицами.","{1, 2, 3}","{'1': 6, '2': 6, '3': 6}"
"Девочка (1) испугавшись (2) громкого звука (3) выронила (4) книгу из рук.","{1, 2}","{'1': 5, '2': 5}"
"Мы (1) возвращаясь (2) домой (3) обсуждали (4) прошедший день.","{1, 2}","{'1': 5, '2': 5}"
"Деревья (1) покрытые (2) инеем (3) сверкали (4) на утреннем солнце.","{1, 2, 3}","{'1': 6, '2': 6, '3': 6}"
"Охотник (1) пробираясь (2) сквозь чащу (3) внимательно (4) осматривался по сторонам.","{1, 2}","{'1': 5, '2': 5}"
"Она (1) уставшая (2) от долгой дороги (3) сразу (4) легла спать.","{1, 2}","{'1': 6, '2': 6}"
"Река (1) разлившаяся (2) весной (3) затопила (4) прибрежные луга.","{1, 2, 3}","{'1': 6, '2': 6, '3': 6}"
"Мальчик (1) забыв (2) про уроки (3) убежал (4) на улицу.","{1, 2}","{'1': 5, '2': 5}"
"Птица (1) сидевшая (2) на ветке (3) вдруг (4) вспорхнула и улетела.","{1, 2, 3}","{'1': 6, '2': 6, '3': 6}"
"Он (1) взяв (2) гитару (3) тихо (4) запел знакомую песню.","{1, 2}","{'1': 5, '2': 5}"
"Девушка (1) стоявшая (2) у окна (3) задумчиво (4) смотрела вдаль.","{1, 2, 3}","{'1': 6, '2': 6, '3': 6}"
"Мы (1) не дождавшись (2) автобуса (3) пошли (4) пешком.","{1, 2}","{'1': 5, '2': 5}"
"Снег (1) падавший (2) всю ночь (3) укрыл (4) город белым покрывалом.","{1, 2, 3}","{'1': 6, '2': 6, '3': 6}"
"Он (1) увлечённый (2) чтением (3) не заметил (4) как вошла мать.","{1, 2}","{'1': 6, '2': 6}"
"Старик (1) сидевший (2) у камина (3) рассказывал (4) детям сказки.","{1, 2, 3}","{'1': 6, '2': 6, '3': 6}"
"Она (1) улыбнувшись (2) протянула (3) мне руку (4) и представилась.","{1, 2}","{'1': 5, '2': 5}"
"Ветер (1) налетевший (2) внезапно (3) сорвал (4) шляпу с прохожего.","{1, 2, 3}","{'1': 6, '2': 6, '3': 6}"
"Тропинка (1) заросшая (2) травой (3) вела (4) к старой мельнице.","{1, 2, 3}","{'1': 6, '2': 6, '3': 6}"
"Он (1) услышав (2) шаги за спиной (3) резко (4) обернулся.","{1, 2}","{'1': 5, '2': 5}"
"Дети (1) игравшие (2) во дворе (3) громко (4) смеялись.","{1, 2, 3}","{'1': 6, '2': 6, '3': 6}"
"Я (1) закончив (2) работу (3) отправился (4) домой.","{1, 2}","{'1': 5, '2': 5}"
"Картина (1) написанная (2) известным художником (3) висела (4) в гостиной.","{1, 2, 3}","{'1': 6, '2': 6, '3': 6}"
"Она (1) покраснев (2) от смущения (3) опустила (4) глаза.","{1, 2}","{'1': 5, '2': 5}"
"Пёс (1) лежавший (2) у порога (3) вдруг (4) поднял голову.","{1, 2, 3}","{'1': 6, '2': 6, '3': 6}"
"Мы (1) собравшись (2) вместе (3) решили (4) эту задачу.","{1, 2}","{'1': 5, '2': 5}"
"Лодка (1) качавшаяся (2) на волнах (3) медленно (4) приближалась к берегу.","{1, 2, 3}","{'1': 6, '2': 6, '3': 6}"
"Он (1) не имея (2) опыта (3) всё же (4) справился с заданием.","{1, 2}","{'1': 5, '2': 5}"
"Цветы (1) посаженные (2) весной (3) уже (4) начали распускаться.","{1, 2, 3}","{'1': 6, '2': 6, '3': 6}"
"Девочка (1) увидев (2) радугу (3) радостно (4) захлопала в ладоши.","{1, 2}","{'1': 5, '2': 5}"
"Туман (1) расстилавшийся (2) над рекой (3) скрывал (4) противоположный берег.","{1, 2, 3}","{'1': 6, '2': 6, '3': 6}"
"Он (1) подойдя (2) к дому (3) долго (4) не решался позвонить.","{1, 2}","{'1': 5, '2': 5}"
"Письмо (1) написанное (2) карандашом (3) почти (4) выцвело.","{1, 2, 3}","{'1': 6, '2': 6, '3': 6}"
"Она (1) вернувшись (2) из поездки (3) сразу (4) позвонила мне.","{1, 2}","{'1': 5, '2': 5}"
"Сад (1) окружавший (2) дом (3) утопал (4) в весеннем цвету.","{1, 2, 3}","{'1': 6, '2': 6, '3': 6}"
"Мальчик (1) потеряв (2) ключи (3) не мог (4) попасть домой.","{1, 2}","{'1': 5, '2': 5}"
"Мы (1) любуясь (2) закатом (3) молча (4) стояли на берегу.","{1, 2}","{'1': 5, '2': 5}"
"Книга (1) лежавшая (2) на столе (3) была (4) раскрыта на середине.","{1, 2, 3}","{'1': 6, '2': 6, '3': 6}"
"Он (1) войдя (2) в комнату (3) сразу (4) заметил перемены.","{1, 2}","{'1': 5, '2': 5}"
"Дождь (1) стучавший (2) по крыше (3) не давал (4) нам уснуть.","{1, 2, 3}","{'1': 6, '2': 6, '3': 6}"
"Она (1) разговаривая (2) по телефону (3) одновременно (4) готовила ужин.","{1, 2}","{'1': 5, '2': 5}"
"Путники (1) уставшие (2) от долгой дороги (3) остановились (4) на ночлег.","{1, 2}","{'1': 6, '2': 6}"
"Море (1) освещённое (2) луной (3) казалось (4) серебряным.","{1, 2, 3}","{'1': 6, '2': 6, '3': 6}"
"Он (1) будучи (2) ребёнком (3) часто (4) бывал здесь.","{1, 2}","{'1': 5, '2': 5}"
"Снежинки (1) кружившиеся (2) в воздухе (3) медленно (4) падали на землю.","{1, 2, 3}","{'1': 6, '2': 6, '3': 6}"