id,full_word,word_with_gaps,skipped_letters
1,винегрет,в..н..грет,и-е
2,воробей,в..р..бей,о-о
3,ворона,в..р..на,о-о
4,карандаш,к..р..ндаш,а-а
5,картина,к..рт..на,а-и
6,сорока,с..р..ка,о-о
7,пальто,п..льто,а
8,метро,м..тро,е
9,город,г..р..д,о-о
10,ветер,в..т..р,е-е
11,молоко,м..л..ко,о-о
12,Родина,Р..дина,о
13,Россия,Р..ссия,о
14,билет,б..лет,и
15,октябрь,..ктябрь,о
16,Москва,М..сква,о
17,ученик,уч..ник,е
18,яблоко,ябл..к..,о-о
19,телефон,т..л..фон,е-е
20,морковь,м..рковь,о
21,коньки,к..ньки,о
22,корзина,к..рзина,о
23,завод,з..вод,а
24,вагон,в..гон,а
25,лопата,л..пата,о
26,работа,р..бота,а
27,магазин,м..г..зин,а-а
28,корова,к..р..ва,о-о
29,посуда,п..суда,о
30,арбуз,..рбуз,а
31,газета,г..зета,а
32,капуста,к..пуста,а
33,варежки,в..режки,а
34,платок,пл..ток,а
35,воротник,в..р..тник,о-о
36,мороз,м..роз,о
37,дорога,д..рога,о
38,здравствуй,здр..вствуй,а
39,машина,м..шина,а
40,девочка,д..вочка,е
41,собака,с..бака,о
42,чемодан,ч..м..дан,е-о
43,одежда,..дежда,о
44,пожалуйста,п..жалуйста,о
45,группа,гру..а,п
46,перрон,п..ррон,е
47,суффикс,су..икс,ф
48,класс,кла..,с
49,директор,д..ректор,и
50,учитель,уч..тель,и
51,тетрадь,т..традь,е
52,линейка,л..нейка,и
53,пенал,п..нал,е
54,вдруг,вдру..,г
55,до свидания,д.. св..дания,о-и
56,русский,ру..кий,с
57,урожай,ур..жай,о
58,алфавит,..лф..вит,а-а
59,народ,н..род,а
60,язык,..зык,я
61,товарищ,т..варищ,о
62,помощь,п..мощь,о
63,багаж,б..гаж,а
64,саквояж,с..кв..яж,а-о
65,диван,д..ван,и
66,квитанция,кв..танция,и
67,картон,к..ртон,а
68,чувствовать,чу..ствовать,в
69,участвовать,уч..ствовать,а
70,погода,п..года,о
71,четверг,ч..тв..рг,е-е
72,праздник,праз..ник,д
73,футбол,фу..бол,т
74,шоссе,ш..ссе,о
75,топор,т..пор,о
76,платформа,пл..тформа,а
77,компьютер,к..мпьютер,о
78,автобус,..втобус,а
79,трамвай,тр..мвай,а
80,пшеница,пш..ница,е
81,аллея,..ллея,а
82,ракета,р..кета,а
83,вокзал,в..кзал,о
84,троллейбус,тр..лл..йбус,о-е
85,болото,б..лото,о
86,малина,м..лина,а
87,шофёр,ш..фёр,о
88,январь,..нварь,я
89,лестница,л..стница,е
90,огурец,..гурец,о
91,помидор,п..м..дор,о-и
92,овощ,..в..щ,о-о
93,соловей,с..л..вей,о-о
94,тарелка,т..релка,а
95,животное,ж..вотное,и
96,месяц,мес..ц,я
97,хороший,х..роший,о
98,февраль,ф..враль,е
99,сирень,с..рень,и
100,хоккей,х..ккей,о
101,декабрь,д..кабрь,е
102,солома,с..лома,о
103,осина,..сина,о
104,Кремль,Кр..мль,е
105,обед,..бед,о
106,винегрет,в..н..грет,и-е
107,расстояние,р..сстояние,а
108,рисунок,р..сунок,и
109,молоток,м..л..ток,о-о
110,экскурсия,..кскурсия,э
111,кровать,кр..вать,о
112,запад,зап..д,а
113,восток,в..сток,о
114,горячий,г..рячий,о
115,трактор,тр..ктор,а
116,победа,п..беда,о
117,космос,к..смос,о
118,космонавт,к..см..навт,о-о
119,чувство,чу..ство,в
120,орех,..рех,о
121,комбайн,к..мбайн,о
122,пирог,п..рог,и
123,песок,п..сок,е
124,завтрак,за..трак,в
125,рассказ,ра..каз,с
126,аптека,..птека,а
127,библиотека,б..бл..отека,и-и
128,однажды,..днажды,о
129,герой,г..рой,е
130,земляника,з..мл..ника,е-я
133,отец,..тец,о
134,металл,м..талл,е
135,коллекция,к..ллекция,о
136,искусный,..скусный,и
137,профессия,пр..фессия,о
138,желать,ж..лать,е
139,железо,ж..лезо,е
140,велосипед,в..л..сипед,е-о
141,инженер,..нженер,и
142,аппетит,..ппетит,а
143,аппарат,..ппарат,а
144,аккуратный,..ккуратный,а
145,здесь,зде..ь,с
146,автомобиль,..вт..мобиль,а-о
147,свобода,св..бода,о
148,экскаватор,..кск..ватор,э-а
149,эскалатор,..ск..латор,э-а
150,галерея,г..л..рея,а-е
151,огонь,..гонь,о
152,костёр,к..стёр,о
153,сегодня,с..годня,е
154,гражданин,гр..жд..нин,а-а
155,богатство,б..гатство,о
156,корабль,к..рабль,о
157,салют,с..лют,а
158,правительство,пр..в..тельство,а-и
159,президент,пр..зидент,е
160,солдат,с..лдат,о
161,воин,в..ин,о
162,портрет,п..ртрет,о
163,натюрморт,н..тюрморт,а
164,пейзаж,п..йзаж,е
165,искусство,..скусство,и
166,завтра,за..тра,в
167,горизонт,г..р..зонт,о-и
168,сейчас,с..йчас,е
169,хозяин,х..зяин,о
170,календарь,к..л..ндарь,а-е
171,цитата,ц..тата,и
172,аннотация,..ннотация,а
173,биография,б..ография,и
174,коллектив,к..ллектив,о
175,привет,пр..вет,и
176,путешествие,пут..шествие,е
177,диалог,д..алог,и
178,отечество,..течество,о
179,секрет,с..крет,е
180,спортсмен,сп..ртсмен,о
181,баскетбол,б..скетбол,а
182,рюкзак,р..кзак,ю
183,хризантема,хр..зантема,и
184,матч,ма..ч,т
185,брошюра,бр..шюра,о
186,жюри,ж..ри,ю
187,парашют,п..рашют,а
188,съезд,с..езд,ъ
189,вьюга,в..юга,ь
190,въезжать,в..езжать,ъ
191,объявление,..бъявление,о
192,ружьё,руж..ё,ь
193,барьер,б..рьер,а
194,серьёзный,с..рьёзный,е
195,из-за,из-з..,а
196,из-под,из-п..д,о
197,вперед,вп..рёд,е
198,назад,н..зад,а
199,вскоре,вск..ре,о
200,слева,сл..ва,е
201,справа,спр..ва,а
202,направо,н..право,а
203,налево,н..лево,а
204,вправо,впр..во,а
205,влево,вл..во,е
206,вверху,вв..рху,е
207,внизу,вн..зу,и
208,вдвоём,вдв..ём,о
209,втроём,втр..ём,о
210,слышит,сл..шит,ы
211,видит,в..дит,и
212,смотрит,см..трит,о
213,держит,д..ржит,е
214,ослепительный,..сл..пительный,о-е
215,изумрудный,..зумрудный,и
216,синтаксис,с..нтаксис,и
217,пунктуация,пункт..ация,у
218,словосочетание,сл..восоч..тание,о-е
219,предложение,пр..дл..жение,е-о
220,стремиться,стр..миться,е
221,беседовать,б..седовать,е
222,посетить,п..сетить,о
223,рапорт,р..порт,а
224,издалека,..зд..лека,и-а
225,изредка,..зредка,и
226,вопросительное,в..пр..сительное,о-о
227,восклицательное,в..скл..цательное,о-и
228,невосклицательное,н..в..склицательное,е-е
229,повествовательное,п..в..ствовательное,о-е
230,побудительное,п..будительное,о
231,распространённое,р..спр..странённое,а-о
232,подлежащее,п..дл..жащее,о-е
233,сказуемое,ск..зуемое,а
234,второстепенные,вт..р..степенные,о-о
235,дополнение,д..п..лнение,о-о
236,определение,..пр..деление,о-е
237,обстоятельство,..бст..ятельство,о-о
238,обращение,..бр..щение,о-а
239,отовсюду,..т..всюду,о-о
240,однородные,..дн..родные,о-о
241,огорчить,..г..рчить,о-о
242,опечалить,..п..чалить,о-е
243,расстроить,р..сстроить,а
244,пожалуйста,п..жалуйста,о
245,спасибо,сп..сибо,а
246,благодарю,бл..г..дарю,а-о
247,извините,..зв..ните,и-и
248,до свидания,д.. св..дания,о-и
249,диалог,д..алог,и
250,потому что,п..т..му что,о-о
251,фонетика,ф..нетика,о
252,фонетический,ф..нетический,о
253,графика,гр..фика,а
254,каллиграфия,к..лл..графия,а-и
255,лексика,л..ксика,е
256,синонимы,с..нонимы,и
257,омонимы,..монимы,о
258,антонимы,..нтонимы,а
259,балкон,б..лкон,а
260,кабинет,к..б..нет,а-и
261,телевизор,т..л..визор,е-е
262,фиолетовый,ф..олетовый,и
263,лиловый,л..ловый,и
264,громадный,гр..мадный,о
265,огромный,..громный,о
266,пианино,п..анино,и
267,гитара,г..тара,и
268,конфета,к..нфета,о
269,костюм,к..стюм,о
270,паркет,п..ркет,а
271,ремень,р..мень,е
272,чехол,ч..хол,е
273,безвкусный,б..звкусный,е
274,расцвет,р..сцвет,а
275,рассвет,р..ссвет,а
276,расписание,р..списание,а
277,рассчитывать,р..ссчитывать,а
278,расчёт,р..счёт,а
279,здание,зд..ние,а
280,здоровье,зд..ровье,о
281,сбить,..бить,с
282,сгиб,..гиб,с
283,сдать,..дать,с
284,сжать,..жать,с
285,шоколад,ш..к..лад,о-о
286,ненавидеть,н..н..видеть,е-а
287,недоумевать,н..д..умевать,е-о
288,негодовать,н..г..довать,е-о
289,таять,т..ять,а
290,веять,в..ять,е
291,сеять,с..ять,е
292,затеять,з..теять,а
293,канал,к..нал,а
294,гимнастика,г..мнастика,и
295,соревноваться,с..р..вноваться,о-е
296,состязаться,с..ст..заться,о-я
297,тренер,тр..нер,е
298,тренироваться,тр..нироваться,е
299,мечта,м..чта,е